{
  "app": "com.apps.MyXL",
  "duration": "185ms",
  "headers": {
    "Host": "ciam-rajaampat.xl.co.id",
    "accept-api-version": "resource\u003d2.1, protocol\u003d1.0",
    "content-length": "0",
    "accept-encoding": "gzip",
    "user-agent": "okhttp/4.3.1"
  },
  "method": "POST",
  "protocol": "h2",
  "remoteIp": "172.64.147.24",
  "remotePort": 443,
  "sessionId": "b4599b2e-c981-45d3-8379-8be039ea0f43",
  "time": "2023-12-03 20:01:33",
  "url": "https://ciam-rajaampat.xl.co.id/am/json/realms/xl/authenticate?authIndexType\u003dservice\u0026authIndexValue\u003dotp"
}