{
  "app": "com.apps.MyXL",
  "code": 200,
  "duration": "112ms",
  "headers": {
    "date": "Sun, 03 Dec 2023 13:01:41 GMT",
    "content-type": "application/json",
    "x-oneagent-js-injection": "true",
    "server-timing": "dtRpid;desc\u003d\"-1052952122\", dtSInfo;desc\u003d\"0\"",
    "cache-control": "no-cache, no-store, must-revalidate",
    "content-api-version": "resource\u003d2.1",
    "expires": "0",
    "pragma": "no-cache",
    "set-cookie": "amlbcookie\u003d01; Path\u003d/",
    "x-frame-options": "SAMEORIGIN",
    "strict-transport-security": "max-age\u003d31536000",
    "cf-cache-status": "DYNAMIC",
    "server": "cloudflare",
    "cf-ray": "82fbffee596fdf9b-CGK",
    "content-encoding": "gzip"
  },
  "message": null,
  "protocol": "h2",
  "remoteIp": "172.64.147.24",
  "remotePort": 443,
  "sessionId": "602ba09e-22fb-4de6-8dc1-58f80915acad",
  "time": "2023-12-03 20:01:34"
}