{
  "app": "com.apps.MyXL",
  "code": 200,
  "duration": "333ms",
  "headers": {
    "date": "Sun, 03 Dec 2023 13:01:46 GMT",
    "content-type": "application/json",
    "x-oneagent-js-injection": "true",
    "server-timing": "dtRpid;desc\u003d\"1778932488\", dtSInfo;desc\u003d\"0\"",
    "cache-control": "no-store",
    "pragma": "no-cache",
    "vary": "Accept-Charset, Accept-Encoding, Accept-Language, Accept",
    "x-frame-options": "SAMEORIGIN",
    "strict-transport-security": "max-age\u003d31536000",
    "cf-cache-status": "DYNAMIC",
    "server": "cloudflare",
    "cf-ray": "82fc000e2b72df8b-CGK",
    "content-encoding": "gzip"
  },
  "message": null,
  "protocol": "h2",
  "remoteIp": "172.64.147.24",
  "remotePort": 443,
  "sessionId": "ac7bf0d4-84c7-477f-a5e8-0c32fceb9cb9",
  "time": "2023-12-03 20:01:39"
}