{
  "app": "com.apps.MyXL",
  "duration": "252ms",
  "headers": {
    "Host": "ciam-rajaampat.xl.co.id",
    "accept-api-version": "resource\u003d2.1, protocol\u003d1.0",
    "accept-encoding": "gzip",
    "cookie": "iPlanetDirectoryPro\u003dNsjww_4uFGlSBtuNt7Rr2G72zoQ.*AAJTSQACMDIAAlNLABxoVmZpTjMrMmFOZjJQSDllcjFpcnlPWWxSRXM9AAR0eXBlAANDVFMAAlMxAAIwMQ..*; dtCookie\u003dv_4_srv_5_sn_7EC3EF76E944612991DD3B177309CECB_perc_100000_ol_0_mul_1_app-3A923787986dfd1874_1; dtCookie\u003dv_4_srv_4_sn_AB58BC57866626741D6F27693512C68B_perc_100000_ol_0_mul_1_app-3A923787986dfd1874_0; __cf_bm\u003d7sIu6jAUJwXrWjUx9Se24VY_vtgbjFwQoZL.nwC1nEg-1701608501-0-ASLY26492fTL/7MkfdP6x1M7EZAYVV91G/6wL+WqXVDuBzgtvAb75BaElrbEPjZvcoEb66utXk9pElSZp7lzdic\u003d; amlbcookie\u003d01; route\u003d1701608502.297.13230.479006",
    "user-agent": "okhttp/4.3.1"
  },
  "method": "GET",
  "protocol": "h2",
  "remoteIp": "172.64.147.24",
  "remotePort": 443,
  "sessionId": "e7546264-521c-4b86-aa6f-d5fabd8c1657",
  "time": "2023-12-03 20:01:38",
  "url": "https://ciam-rajaampat.xl.co.id/am/oauth2/realms/xl/authorize?iPlanetDirectoryPro\u003dNsjww_4uFGlSBtuNt7Rr2G72zoQ.*AAJTSQACMDIAAlNLABxoVmZpTjMrMmFOZjJQSDllcjFpcnlPWWxSRXM9AAR0eXBlAANDVFMAAlMxAAIwMQ..*\u0026client_id\u003da80c1af52aae62d1166b73796ae5f378\u0026scope\u003dopenid%20profile\u0026response_type\u003dcode\u0026redirect_uri\u003dhttps%3A%2F%2Fmy.xl.co.id\u0026code_challenge\u003dwcSPiEYtslh7by9_8CRH7p8PW-ocYD0zNOb9Fr7X654\u0026code_challenge_method\u003dS256"
}