{
  "app": "com.apps.MyXL",
  "code": 302,
  "duration": "252ms",
  "headers": {
    "date": "Sun, 03 Dec 2023 13:01:46 GMT",
    "content-length": "0",
    "location": "https://my.xl.co.id?code\u003dHkqEt6Dx1Vcn37VQx7hq1n5Q7n0.jsnEwHhmbboBgeCwULrnJ0uOVHs\u0026iss\u003dhttp%3A%2F%2Fciam-rajaampat.xl.co.id%3A80%2Fam%2Foauth2%2Fxl\u0026client_id\u003da80c1af52aae62d1166b73796ae5f378",
    "x-oneagent-js-injection": "true",
    "server-timing": "dtRpid;desc\u003d\"1375957353\", dtSInfo;desc\u003d\"0\"",
    "accept-ranges": "bytes",
    "cache-control": "no-store",
    "pragma": "no-cache",
    "vary": "Accept-Charset, Accept-Encoding, Accept-Language, Accept",
    "x-frame-options": "SAMEORIGIN",
    "strict-transport-security": "max-age\u003d31536000",
    "cf-cache-status": "DYNAMIC",
    "server": "cloudflare",
    "cf-ray": "82fc000cefd6df8b-CGK"
  },
  "message": null,
  "protocol": "h2",
  "remoteIp": "172.64.147.24",
  "remotePort": 443,
  "sessionId": "e7546264-521c-4b86-aa6f-d5fabd8c1657",
  "time": "2023-12-03 20:01:38"
}